"DateTime";"Commits"
"2025-02-16";436
"2025-02-23";550
"2025-03-02";373
"2025-03-09";370
"2025-03-16";309
"2025-03-23";349
"2025-03-30";392
"2025-04-06";305
"2025-04-13";248
"2025-04-20";246
"2025-04-27";305
"2025-05-04";264
"2025-05-11";295
"2025-05-18";312
"2025-05-25";251
"2025-06-01";292
"2025-06-08";267
"2025-06-15";237
"2025-06-22";284
"2025-06-29";253
"2025-07-06";275
"2025-07-13";339
"2025-07-20";242
"2025-07-27";256
"2025-08-03";297
"2025-08-10";307
"2025-08-17";264
"2025-08-24";258
"2025-08-31";286
"2025-09-07";262
"2025-09-14";346
"2025-09-21";362
"2025-09-28";343
"2025-10-05";345
"2025-10-12";384
"2025-10-19";365
"2025-10-26";276
"2025-11-02";311
"2025-11-09";310
"2025-11-16";352
"2025-11-23";190
"2025-11-30";400
"2025-12-07";350
"2025-12-14";391
"2025-12-21";123
"2025-12-28";115
"2026-01-04";330
"2026-01-11";338
"2026-01-18";381
"2026-01-25";414
"2026-02-01";419
"2026-02-08";199